id;bucket;object_key;content_type;size;created_at;updated_at;is_deleted;deleted_at;deleted_by
1;obediently huge;to with;bin supportive;7326;2025-09-23T02:16:18;2025-09-23T10:12:52;true;2025-09-22T15:20:07;64f9a7fb-dbde-4051-a058-878f4347af98
2;hmph whoa;boulevard;phew;16657;2025-09-22T23:35:17;2025-09-22T20:24:12;true;2025-09-23T09:44:40;fb0d38e2-64b5-44bf-aa38-4ebced9f0597
3;minus ew;a;since hawk;12809;2025-09-23T02:38:27;2025-09-23T06:37:44;false;2025-09-23T09:23:01;85e9b59e-7912-442f-9373-dbfba5dc71f6
4;absent excitedly;innocently;meaty;14264;2025-09-23T05:05:57;2025-09-22T14:37:27;false;2025-09-23T08:10:47;1a608e85-09e1-43ef-bae1-f7d66fe73367
5;except lovely inquisitively;gosh eek ugh;shakily after;23802;2025-09-23T09:41:25;2025-09-23T11:18:49;false;2025-09-22T17:55:03;8bf22d56-e704-4756-9cbb-0ccad333bce8
6;so along notarize;correctly sometimes;dereference granular mmm;5643;2025-09-23T10:09:11;2025-09-23T12:10:38;true;2025-09-23T04:52:21;a0101b1f-3f31-4ce6-8c33-27480b89404a
7;fooey how;fort grade than;scared syringe;28219;2025-09-23T02:21:19;2025-09-22T18:49:57;true;2025-09-22T14:08:48;26c01076-0fb2-4091-983c-77b17131337c
8;shady even;sunbeam until;meh abaft what;19424;2025-09-23T13:20:10;2025-09-22T17:32:12;false;2025-09-23T02:19:19;b65c699d-63c6-444b-9471-9c3d612f0adb
9;yin live dull;behind;continually a;30437;2025-09-23T09:34:26;2025-09-22T17:37:48;false;2025-09-23T04:50:04;cfd9d7dd-e246-4a20-9710-a7dcd29fb3f2
10;strategy;lest atop famously;near partridge genuine;21593;2025-09-23T05:18:34;2025-09-23T03:07:05;true;2025-09-22T17:31:18;406d9f43-ba69-4522-a824-46bf201ee5f9
